Id,class_0,class_1
00eed32682bb,0.65333357,0.3466664254665375
010ebe33f668,0.65333357,0.3466664254665375
02fa521e1838,0.65333357,0.3466664254665375
040e15f562a2,0.65333357,0.3466664254665375
046e85c7cc7f,0.65333357,0.3466664254665375
